{
  "Version": 17,
  "Assets": [
    {
      "Url": "https://raw.githubusercontent.com/n0bi1/DalamudAssets/main/UIRes/serveropcode.json",
      "Hash": "9BB842D9F36120F7DF68B2E44799DB4D60E092DC",
      "FileName": "UIRes/serveropcode.json"
    },
    {
      "Url": "https://raw.githubusercontent.com/n0bi1/DalamudAssets/main/UIRes/clientopcode.json",
      "Hash": "BEA9F74E4791E1518B4C4CFEE08EFB703127122C",
      "FileName": "UIRes/clientopcode.json"
    },
    {
      "Url": "https://raw.githubusercontent.com/n0bi1/DalamudAssets/main/UIRes/bannedplugin.json",
      "Hash": "37E3D3EF1D673D7A2F8C57CBAE501C327EE2B940",
      "FileName": "UIRes/bannedplugin.json"
    },
    {
      "Url": "https://raw.githubusercontent.com/n0bi1/DalamudAssets/main/UIRes/cheatplugin.json",
      "Hash": "4030A4DCDB626390D4C42EE7020F56CDC1E48D7B",
      "FileName": "UIRes/cheatplugin.json"
    },
    {
      "Url": "https://raw.githubusercontent.com/n0bi1/DalamudAssets/main/UIRes/NotoSansCJKjp-Medium.otf",
      "Hash": "7334F0BADA3A7D52E1C642217EB7EA21BE700421",
      "FileName": "UIRes/NotoSansCJKjp-Medium.otf"
    },
    {
      "Url": "https://raw.githubusercontent.com/n0bi1/DalamudAssets/main/UIRes/NotoSansKR-Regular.otf",
      "Hash": "5F533D0D5CAF3847AFA2D78301E7B87B3485ECBC",
      "FileName": "UIRes/NotoSansKR-Regular.otf"
    },
    {
      "Url": "https://raw.githubusercontent.com/n0bi1/DalamudAssets/main/UIRes/FontAwesomeFreeSolid.otf",
      "Hash": "4860698FEE75A5481CB00C744B7EB297ABDC455D",
      "FileName": "UIRes/FontAwesomeFreeSolid.otf"
    },
    {
      "Url": "https://raw.githubusercontent.com/n0bi1/DalamudAssets/main/UIRes/Inconsolata-Regular.ttf",
      "Hash": "FBE9E14427D84CE3F25F4D6A8EF57F527DB5A154",
      "FileName": "UIRes/Inconsolata-Regular.ttf"
    },
    {
      "Url": "https://raw.githubusercontent.com/n0bi1/DalamudAssets/main/UIRes/logo.png",
      "Hash": "0F6323DDFA3665639142252281D22C675D8CD617",
      "FileName": "UIRes/logo.png"
    },
    {
      "Url": "https://raw.githubusercontent.com/n0bi1/DalamudAssets/main/UIRes/tsmShade.png",
      "Hash": "AB7EE2E20955CDC4B98886BE7AEE962A98105D4B",
      "FileName": "UIRes/tsmShade.png"
    },
    {
      "Url": "https://raw.githubusercontent.com/n0bi1/DalamudAssets/main/UIRes/tsmLogo.png",
      "Hash": "DAC17EE20C63A0CD0C5040A8A900E3CA1B67C5CC",
      "FileName": "UIRes/tsmLogo.png"
    },
    {
      "Url": "https://raw.githubusercontent.com/n0bi1/DalamudAssets/main/UIRes/defaultIcon.png",
      "Hash": "81185C2BCC5DF0B52B610187EB3B9671C7FB0568",
      "FileName": "UIRes/defaultIcon.png"
    },
    {
      "Url": "https://raw.githubusercontent.com/n0bi1/DalamudAssets/main/UIRes/disabledIcon.png",
      "Hash": "3AFC19400A6475198503DCC25314BCBCDC03B929",
      "FileName": "UIRes/disabledIcon.png"
    },
    {
      "Url": "https://raw.githubusercontent.com/n0bi1/DalamudAssets/main/UIRes/outdatedInstallableIcon.png",
      "Hash": "BA96E817FE8EE2FCC976DEC986973C78BE3A37AE",
      "FileName": "UIRes/outdatedInstallableIcon.png"
    },
    {
      "Url": "https://raw.githubusercontent.com/n0bi1/DalamudAssets/main/UIRes/troubleIcon.png",
      "Hash": "82F7C168A9C712BFCBADD7CFD49060BBC446A634",
      "FileName": "UIRes/troubleIcon.png"
    },
    {
      "Url": "https://raw.githubusercontent.com/n0bi1/DalamudAssets/master/UIRes/devPluginIcon.png",
      "Hash": "DC33AC5B811D32815BCB4C4261563EFFE532638E",
      "FileName": "UIRes/devPluginIcon.png"
    },
    {
      "Url": "https://raw.githubusercontent.com/n0bi1/DalamudAssets/main/UIRes/updateIcon.png",
      "Hash": "544DA1125ADC03D63610127DC76E1FC5175615D3",
      "FileName": "UIRes/updateIcon.png"
    },
    {
      "Url": "https://raw.githubusercontent.com/n0bi1/DalamudAssets/main/UIRes/installedIcon.png",
      "Hash": "F9A7E334CB719CF36B265A212B3D32A4578429B4",
      "FileName": "UIRes/installedIcon.png"
    },
    {
      "Url": "https://raw.githubusercontent.com/n0bi1/DalamudAssets/main/UIRes/thirdIcon.png",
      "Hash": "2DFA794867B1ABFEFFF2923FF3C1E06801F9CBC1",
      "FileName": "UIRes/thirdIcon.png"
    },
    {
      "Url": "https://raw.githubusercontent.com/n0bi1/DalamudAssets/master/UIRes/changelogApiBump.png",
      "Hash": "16BB14DEF2AD9894C9DA37483A6B0B9AADFCD72D",
      "FileName": "UIRes/changelogApiBump.png"
    },
    {
      "Url": "https://raw.githubusercontent.com/n0bi1/DalamudAssets/main/UIRes/thirdInstalledIcon.png",
      "Hash": "05E2B4508517646F0FC4E55A821F9A990B2559F7",
      "FileName": "UIRes/thirdInstalledIcon.png"
    },
    {
      "Url": "https://raw.githubusercontent.com/n0bi1/DalamudAssets/main/UIRes/missingFont.png",
      "Hash": "03846096156808E09075B819602298894EE2244F",
      "FileName": "UIRes/missingFont.png"
    },
    {
      "Url": "https://raw.githubusercontent.com/n0bi1/DalamudAssets/main/UIRes/loc/dalamud/dalamud_de.json",
      "Hash": "80E359DA9BCA097EB5CCDB216B39F7E457B44087",
      "FileName": "UIRes/loc/dalamud/dalamud_de.json"
    },
    {
      "Url": "https://raw.githubusercontent.com/n0bi1/DalamudAssets/main/UIRes/loc/dalamud/dalamud_es.json",
      "Hash": "60AC91B867C8A09578ED912DAAD78D51AAB28634",
      "FileName": "UIRes/loc/dalamud/dalamud_es.json"
    },
    {
      "Url": "https://raw.githubusercontent.com/n0bi1/DalamudAssets/main/UIRes/loc/dalamud/dalamud_fr.json",
      "Hash": "25E17DB6CFAB2986D42404DBC5433DF59F51BCC6",
      "FileName": "UIRes/loc/dalamud/dalamud_fr.json"
    },
    {
      "Url": "https://raw.githubusercontent.com/n0bi1/DalamudAssets/main/UIRes/loc/dalamud/dalamud_it.json",
      "Hash": "41E52FE70AB700763D3D6C4FA9A657B856E89620",
      "FileName": "UIRes/loc/dalamud/dalamud_it.json"
    },
    {
      "Url": "https://raw.githubusercontent.com/n0bi1/DalamudAssets/main/UIRes/loc/dalamud/dalamud_ja.json",
      "Hash": "4D03A75E122D65B116C6E09F912780C1B5005158",
      "FileName": "UIRes/loc/dalamud/dalamud_ja.json"
    },
    {
      "Url": "https://raw.githubusercontent.com/n0bi1/DalamudAssets/main/UIRes/loc/dalamud/dalamud_ko.json",
      "Hash": "29F9CDA3385A7E751C6DA10113D5B590E893951F",
      "FileName": "UIRes/loc/dalamud/dalamud_ko.json"
    },
    {
      "Url": "https://raw.githubusercontent.com/n0bi1/DalamudAssets/main/UIRes/loc/dalamud/dalamud_nl.json",
      "Hash": "E81F0E9B8446BFD0D5187F3681D765F0C8B7DE6F",
      "FileName": "UIRes/loc/dalamud/dalamud_nl.json"
    },
    {
      "Url": "https://raw.githubusercontent.com/n0bi1/DalamudAssets/main/UIRes/loc/dalamud/dalamud_no.json",
      "Hash": "FD6CD45F3DE6E1D8CD689CE75CA804382FBC86FD",
      "FileName": "UIRes/loc/dalamud/dalamud_no.json"
    },
    {
      "Url": "https://raw.githubusercontent.com/n0bi1/DalamudAssets/main/UIRes/loc/dalamud/dalamud_pt.json",
      "Hash": "855A29066F6B7C55E6CE62BC18304F6287890418",
      "FileName": "UIRes/loc/dalamud/dalamud_pt.json"
    },
    {
      "Url": "https://raw.githubusercontent.com/n0bi1/DalamudAssets/main/UIRes/loc/dalamud/dalamud_ru.json",
      "Hash": "CCC88BFE1E593262F2C0255C867327B2280FC6BB",
      "FileName": "UIRes/loc/dalamud/dalamud_ru.json"
    },
    {
      "Url": "https://raw.githubusercontent.com/n0bi1/DalamudAssets/main/UIRes/loc/dalamud/dalamud_si.json",
      "Hash": "C6A0FDDF8678A5BA3BE9C08A0ED8865CD4A8BEDE",
      "FileName": "UIRes/loc/dalamud/dalamud_si.json"
    },
    {
      "Url": "https://raw.githubusercontent.com/n0bi1/DalamudAssets/main/UIRes/loc/dalamud/dalamud_sv.json",
      "Hash": "6147EC47F30B7EAE5AA5BAFAF007C0B418162B51",
      "FileName": "UIRes/loc/dalamud/dalamud_sv.json"
    },
    {
      "Url": "https://raw.githubusercontent.com/n0bi1/DalamudAssets/main/UIRes/loc/dalamud/dalamud_tw.json",
      "Hash": "A9BE3B70C71691B1259E9CA5A29610EE26B3081D",
      "FileName": "UIRes/loc/dalamud/dalamud_tw.json"
    },
    {
      "Url": "https://raw.githubusercontent.com/n0bi1/DalamudAssets/main/UIRes/loc/dalamud/dalamud_ur.json",
      "Hash": "C6A0FDDF8678A5BA3BE9C08A0ED8865CD4A8BEDE",
      "FileName": "UIRes/loc/dalamud/dalamud_ur.json"
    },
    {
      "Url": "https://raw.githubusercontent.com/n0bi1/DalamudAssets/main/UIRes/loc/dalamud/dalamud_zh.json",
      "Hash": "AEA449496EFDB409FC0B25D8A6D1F6679DEF2844",
      "FileName": "UIRes/loc/dalamud/dalamud_zh.json"
    }
  ]
}
